horizon,MAE,RMSE,MAPE
3,2.12495589,4.05209255,5.016953
6,2.71896251,5.46882471,6.753052
9,3.02919745,6.18618429,7.704797
12,3.22861300,6.61039293,8.303356
